Problem	NSGAII	NSGAII surrogate iSOUPTR 10%	NSGAII surrogate iSOUPTR 20%	NSGAII surrogate iSOUPTR 30%	NSGAII surrogate LSTM 10%	NSGAII surrogate LSTM 20%	NSGAII surrogate LSTM 30%	NSGAII surrogate MOLMLP 10%	NSGAII surrogate MOLMLP 20%	NSGAII surrogate MOLMLP 30%	NSGAII surrogate RC 10%	NSGAII surrogate RC 20%	NSGAII surrogate RC 30%
DTLZ7	0.04975828182540598	0.022455860642668857	0.07840886196693153	0.14495081620458788	0.03340968422717172	0.032020412636573875	0.07039935227528443	0.48753500371127423	0.18355279405542435	0.1322756305733745	0.05618887934988731	0.049430797758339584	0.06515803773472983
