Problem	NSGAII	NSGAII surrogate iSOUPTR 10%	NSGAII surrogate iSOUPTR 20%	NSGAII surrogate iSOUPTR 30%	NSGAII surrogate LSTM 10%	NSGAII surrogate LSTM 20%	NSGAII surrogate LSTM 30%	NSGAII surrogate MOLMLP 10%	NSGAII surrogate MOLMLP 20%	NSGAII surrogate MOLMLP 30%	NSGAII surrogate RC 10%	NSGAII surrogate RC 20%	NSGAII surrogate RC 30%
DTLZ7	0.07880663871765137	1.1641868948936533	0.8336794376373255	0.4502264261245763	0.3412641286850011	0.28326505422592163	0.9136978983879125	0.09561502933502197	0.1354936957359314	0.20733898878097534	0.13290315866470337	0.05053502321243286	0.13227689266204834
