Problem	NSGAII	NSGAII surrogate iSOUPTR 10%	NSGAII surrogate iSOUPTR 20%	NSGAII surrogate iSOUPTR 30%	NSGAII surrogate LSTM 10%	NSGAII surrogate LSTM 20%	NSGAII surrogate LSTM 30%	NSGAII surrogate MOLMLP 10%	NSGAII surrogate MOLMLP 20%	NSGAII surrogate MOLMLP 30%	NSGAII surrogate RC 10%	NSGAII surrogate RC 20%	NSGAII surrogate RC 30%
DTLZ7	0.025914195503062842	0.14004640499302423	0.051830214565642185	0.05549074380550478	0.09889573327006496	0.10318271186722672	0.10110651868523302	0.11705117054856534	0.05054973224622533	0.10741723348324694	0.07709616924480733	0.11794805875041647	0.14666034389492977
