Problem	NSGAII	NSGAII surrogate iSOUPTR 10%	NSGAII surrogate iSOUPTR 20%	NSGAII surrogate iSOUPTR 30%	NSGAII surrogate LSTM 10%	NSGAII surrogate LSTM 20%	NSGAII surrogate LSTM 30%	NSGAII surrogate MOLMLP 10%	NSGAII surrogate MOLMLP 20%	NSGAII surrogate MOLMLP 30%	NSGAII surrogate RC 10%	NSGAII surrogate RC 20%	NSGAII surrogate RC 30%
DTLZ7	12.345372414588928	19.43705337047577	20.374099564552306	22.906460309028624	23.91296398639679	20.43149161338806	21.3615398645401	13.131048583984375	13.0198406457901	13.379949831962586	12.57868206501007	12.126459288597108	12.27600164413452
