Problem	NSGAII	NSGAII surrogate iSOUPTR 10%	NSGAII surrogate iSOUPTR 20%	NSGAII surrogate iSOUPTR 30%	NSGAII surrogate LSTM 10%	NSGAII surrogate LSTM 20%	NSGAII surrogate LSTM 30%	NSGAII surrogate MOLMLP 10%	NSGAII surrogate MOLMLP 20%	NSGAII surrogate MOLMLP 30%	NSGAII surrogate RC 10%	NSGAII surrogate RC 20%	NSGAII surrogate RC 30%
DTLZ7	0.42140366947603913	0.40514797649999723	0.3272562391876396	0.40034458188610156	0.25260621850030407	0.26088034007606054	0.21871833999956097	0.8326708744377115	0.4723782937970936	0.3182144941459517	0.36613246761082496	0.35170165545391835	0.4097426341607825
