Problem	NSGAII	NSGAII surrogate iSOUPTR 10%	NSGAII surrogate iSOUPTR 20%	NSGAII surrogate iSOUPTR 30%	NSGAII surrogate LSTM 10%	NSGAII surrogate LSTM 20%	NSGAII surrogate LSTM 30%	NSGAII surrogate MOLMLP 10%	NSGAII surrogate MOLMLP 20%	NSGAII surrogate MOLMLP 30%	NSGAII surrogate RC 10%	NSGAII surrogate RC 20%	NSGAII surrogate RC 30%
DTLZ7	0.5418094377828271	0.753109198417103	0.6445640265372478	0.5881177028721677	0.7062454341985696	0.6279653596980855	0.6319617369317271	0.3717034712201043	0.44527203143855176	0.5759762167695903	0.569655424907566	0.6350010417048588	0.5686624954275585
