Problem	NSGAII	NSGAII surrogate iSOUPTR 10%	NSGAII surrogate iSOUPTR 20%	NSGAII surrogate iSOUPTR 30%	NSGAII surrogate LSTM 10%	NSGAII surrogate LSTM 20%	NSGAII surrogate LSTM 30%	NSGAII surrogate MOLMLP 10%	NSGAII surrogate MOLMLP 20%	NSGAII surrogate MOLMLP 30%	NSGAII surrogate RC 10%	NSGAII surrogate RC 20%	NSGAII surrogate RC 30%
DTLZ7	0.5366225473607511	0.7534003595786464	0.6508748456089373	0.5897261372965724	0.694295150172151	0.6145949508946238	0.6375593003084394	0.39513568317024783	0.4355502200194661	0.5855293171822833	0.5722157567136164	0.6357457689151989	0.5883488452597772
