Problem	NSGAII	NSGAII surrogate iSOUPTR 10%	NSGAII surrogate iSOUPTR 20%	NSGAII surrogate iSOUPTR 30%	NSGAII surrogate LSTM 10%	NSGAII surrogate LSTM 20%	NSGAII surrogate LSTM 30%	NSGAII surrogate MOLMLP 10%	NSGAII surrogate MOLMLP 20%	NSGAII surrogate MOLMLP 30%	NSGAII surrogate RC 10%	NSGAII surrogate RC 20%	NSGAII surrogate RC 30%
DTLZ7	0.4188340841841972	0.2211312806620543	0.27278352394808586	0.3594437932010786	0.24103850698286222	0.2514922159728619	0.21696090792111022	0.6246063600027277	0.4446926094318794	0.2923755348257769	0.3699363639367861	0.3437858255002372	0.427955481342366
