Problem	NSGAII	NSGAII surrogate iSOUPTR 10%	NSGAII surrogate iSOUPTR 20%	NSGAII surrogate iSOUPTR 30%	NSGAII surrogate LSTM 10%	NSGAII surrogate LSTM 20%	NSGAII surrogate LSTM 30%	NSGAII surrogate MOLMLP 10%	NSGAII surrogate MOLMLP 20%	NSGAII surrogate MOLMLP 30%	NSGAII surrogate RC 10%	NSGAII surrogate RC 20%	NSGAII surrogate RC 30%
DTLZ7	12.19917345046997	19.095473051071167	20.40456533432007	22.893433928489685	23.633116245269775	20.163103103637702	21.014761924743652	13.137316465377808	13.0174560546875	13.2125643491745	12.509237170219421	12.143845796585083	12.175680041313171
