Problem	NSGAII	NSGAII surrogate iSOUPTR 10%	NSGAII surrogate iSOUPTR 20%	NSGAII surrogate iSOUPTR 30%	NSGAII surrogate LSTM 10%	NSGAII surrogate LSTM 20%	NSGAII surrogate LSTM 30%	NSGAII surrogate MOLMLP 10%	NSGAII surrogate MOLMLP 20%	NSGAII surrogate MOLMLP 30%	NSGAII surrogate RC 10%	NSGAII surrogate RC 20%	NSGAII surrogate RC 30%
DTLZ7	0.5440990360183333	0.8136723116419712	0.6711306150967569	0.47982312398274796	0.7206766310101954	0.6985599973032618	0.6577824832389192	0.06974807894891395	0.10853916197403735	0.5792806612356849	0.27364859899785676	0.05013742610531766	0.3879595876413696
