Problem	NSGAII	NSGAII surrogate iSOUPTR 10%	NSGAII surrogate iSOUPTR 20%	NSGAII surrogate iSOUPTR 30%	NSGAII surrogate LSTM 10%	NSGAII surrogate LSTM 20%	NSGAII surrogate LSTM 30%	NSGAII surrogate MOLMLP 10%	NSGAII surrogate MOLMLP 20%	NSGAII surrogate MOLMLP 30%	NSGAII surrogate RC 10%	NSGAII surrogate RC 20%	NSGAII surrogate RC 30%
DTLZ7	0.03725202152618539	0.5685556290799773	0.14147662602880345	0.09816082308456575	0.04060591614627873	0.031279257489193246	0.03848791446933678	0.423051364282637	0.14016948279919436	0.07076898633894173	0.03459835163095665	0.03750628597720306	0.05847492275878797
