Problem	NSGAII	NSGAII surrogate iSOUPTR 10%	NSGAII surrogate iSOUPTR 20%	NSGAII surrogate iSOUPTR 30%	NSGAII surrogate LSTM 10%	NSGAII surrogate LSTM 20%	NSGAII surrogate LSTM 30%	NSGAII surrogate MOLMLP 10%	NSGAII surrogate MOLMLP 20%	NSGAII surrogate MOLMLP 30%	NSGAII surrogate RC 10%	NSGAII surrogate RC 20%	NSGAII surrogate RC 30%
DTLZ7	0.036214458634676996	0.07331232742921999	0.04587018914603038	0.04596161093668241	0.09908824986659549	0.06219808387247643	0.07537931364509776	0.12643558692904852	0.07846594744198115	0.07014883568392899	0.04901545669859933	0.06829131102620666	0.09533410274721318
