Problem	NSGAII	NSGAII surrogate iSOUPTR 10%	NSGAII surrogate iSOUPTR 20%	NSGAII surrogate iSOUPTR 30%	NSGAII surrogate LSTM 10%	NSGAII surrogate LSTM 20%	NSGAII surrogate LSTM 30%	NSGAII surrogate MOLMLP 10%	NSGAII surrogate MOLMLP 20%	NSGAII surrogate MOLMLP 30%	NSGAII surrogate RC 10%	NSGAII surrogate RC 20%	NSGAII surrogate RC 30%
DTLZ2	0.01958630253744048	0.05914864971149009	0.03917124380096004	0.11461496058509668	0.08170638315942486	0.06752886632737573	0.057667686029842624	0.20674205326179634	0.03628121118172062	0.05847597712595087	0.13534837498257785	0.14641361889859184	0.11087189603307807
