Problem	NSGAII	NSGAII surrogate iSOUPTR 10%	NSGAII surrogate iSOUPTR 20%	NSGAII surrogate iSOUPTR 30%	NSGAII surrogate LSTM 10%	NSGAII surrogate LSTM 20%	NSGAII surrogate LSTM 30%	NSGAII surrogate MOLMLP 10%	NSGAII surrogate MOLMLP 20%	NSGAII surrogate MOLMLP 30%	NSGAII surrogate RC 10%	NSGAII surrogate RC 20%	NSGAII surrogate RC 30%
DTLZ2	0.09085369110107422	0.8003230690956116	0.24094641208648682	0.6819588541984576	0.3770960569381714	0.2224210500717163	0.2533820867538452	0.18853610754013062	0.3076333403587359	0.27513438463211237	0.21702039241790771	0.1248542070388794	0.054049193859098565
