Problem	NSGAII	NSGAII surrogate iSOUPTR 10%	NSGAII surrogate iSOUPTR 20%	NSGAII surrogate iSOUPTR 30%	NSGAII surrogate LSTM 10%	NSGAII surrogate LSTM 20%	NSGAII surrogate LSTM 30%	NSGAII surrogate MOLMLP 10%	NSGAII surrogate MOLMLP 20%	NSGAII surrogate MOLMLP 30%	NSGAII surrogate RC 10%	NSGAII surrogate RC 20%	NSGAII surrogate RC 30%
DTLZ2	0.012443282974165859	1.5650198695810493	0.33629813413781173	1.1761034192089004	0.10947159428992409	0.06348687103276451	0.057379278358996866	2.9845805483535495	0.07397618114678955	0.10190779598759325	0.4869242987688725	0.25134327569125514	0.4247333879988139
