Problem	NSGAII	NSGAII surrogate iSOUPTR 10%	NSGAII surrogate iSOUPTR 20%	NSGAII surrogate iSOUPTR 30%	NSGAII surrogate LSTM 10%	NSGAII surrogate LSTM 20%	NSGAII surrogate LSTM 30%	NSGAII surrogate MOLMLP 10%	NSGAII surrogate MOLMLP 20%	NSGAII surrogate MOLMLP 30%	NSGAII surrogate RC 10%	NSGAII surrogate RC 20%	NSGAII surrogate RC 30%
DTLZ2	0.16630600879482316	-0.05732824529139424	-0.011602689987184816	0.009019561433895679	0.3208081996343939	0.28027848113932585	0.35051108541375453	0.10961525083205345	0.2679423804709312	0.35666044302811206	0.43346004284714945	0.3382241056742087	0.36529156006681385
