Problem	NSGAII	NSGAII surrogate iSOUPTR 10%	NSGAII surrogate iSOUPTR 20%	NSGAII surrogate iSOUPTR 30%	NSGAII surrogate LSTM 10%	NSGAII surrogate LSTM 20%	NSGAII surrogate LSTM 30%	NSGAII surrogate MOLMLP 10%	NSGAII surrogate MOLMLP 20%	NSGAII surrogate MOLMLP 30%	NSGAII surrogate RC 10%	NSGAII surrogate RC 20%	NSGAII surrogate RC 30%
DTLZ2	0.5988075865028252	3.1784585919653536	2.034575844331196	2.201789760944119	0.3785409201162731	0.45259328383714886	0.3787243516892416	3.0074196801647064	0.485453772906152	0.4435626133875098	0.41248543764962803	0.7517409036799303	0.5297414802575634
