Problem	NSGAII	NSGAII surrogate iSOUPTR 10%	NSGAII surrogate iSOUPTR 20%	NSGAII surrogate iSOUPTR 30%	NSGAII surrogate LSTM 10%	NSGAII surrogate LSTM 20%	NSGAII surrogate LSTM 30%	NSGAII surrogate MOLMLP 10%	NSGAII surrogate MOLMLP 20%	NSGAII surrogate MOLMLP 30%	NSGAII surrogate RC 10%	NSGAII surrogate RC 20%	NSGAII surrogate RC 30%
DTLZ2	10.780703902244568	13.410448837280274	13.471525478363038	14.672592973709106	22.61391122341156	19.13247447013855	20.209015417099	12.07736794948578	12.308113265037537	12.610326886177063	11.345070004463196	10.83399257659912	10.836485123634338
