Problem	NSGAII	NSGAII surrogate iSOUPTR 10%	NSGAII surrogate iSOUPTR 20%	NSGAII surrogate iSOUPTR 30%	NSGAII surrogate LSTM 10%	NSGAII surrogate LSTM 20%	NSGAII surrogate LSTM 30%	NSGAII surrogate MOLMLP 10%	NSGAII surrogate MOLMLP 20%	NSGAII surrogate MOLMLP 30%	NSGAII surrogate RC 10%	NSGAII surrogate RC 20%	NSGAII surrogate RC 30%
DTLZ2	0.16202811515328164	-0.07324184146368613	-0.023010130849247995	9.526383951491413e-05	0.3144178975107342	0.27821386266823184	0.3346031954951601	0.1367318070742588	0.2680955474659753	0.36017529268383075	0.423741825200028	0.29889471875728024	0.37451577262961455
