Problem	NSGAII	NSGAII surrogate iSOUPTR 10%	NSGAII surrogate iSOUPTR 20%	NSGAII surrogate iSOUPTR 30%	NSGAII surrogate LSTM 10%	NSGAII surrogate LSTM 20%	NSGAII surrogate LSTM 30%	NSGAII surrogate MOLMLP 10%	NSGAII surrogate MOLMLP 20%	NSGAII surrogate MOLMLP 30%	NSGAII surrogate RC 10%	NSGAII surrogate RC 20%	NSGAII surrogate RC 30%
DTLZ2	0.6021974758773909	2.950660135800492	1.9454260052369365	1.7347250674973465	0.37438095600065174	0.4476992917284811	0.37313107301565873	2.110596762615697	0.4640268411444754	0.37750770750311313	0.23598885885353402	0.7945451999097379	0.5032507523328331
