Problem	NSGAII	NSGAII surrogate iSOUPTR 10%	NSGAII surrogate iSOUPTR 20%	NSGAII surrogate iSOUPTR 30%	NSGAII surrogate LSTM 10%	NSGAII surrogate LSTM 20%	NSGAII surrogate LSTM 30%	NSGAII surrogate MOLMLP 10%	NSGAII surrogate MOLMLP 20%	NSGAII surrogate MOLMLP 30%	NSGAII surrogate RC 10%	NSGAII surrogate RC 20%	NSGAII surrogate RC 30%
DTLZ2	10.777127265930176	13.462013602256775	13.26933765411377	14.448538780212402	22.54619526863098	18.98528218269348	19.909422636032104	11.942167520523071	12.173317313194275	12.555944323539734	11.086585283279419	10.725354790687561	10.690722227096556
