Problem	NSGAII	NSGAII surrogate iSOUPTR 10%	NSGAII surrogate iSOUPTR 20%	NSGAII surrogate iSOUPTR 30%	NSGAII surrogate LSTM 10%	NSGAII surrogate LSTM 20%	NSGAII surrogate LSTM 30%	NSGAII surrogate MOLMLP 10%	NSGAII surrogate MOLMLP 20%	NSGAII surrogate MOLMLP 30%	NSGAII surrogate RC 10%	NSGAII surrogate RC 20%	NSGAII surrogate RC 30%
DTLZ2	0.011276375071821734	1.7476690589969734	0.39176746354077113	1.1737250479814834	0.09877261003039882	0.11670023046661135	0.030953377167810745	2.51039434327887	0.0791444589039164	0.21419381655026634	0.3570854137380128	0.19286733580318272	0.23674285827361186
