Problem	NSGAII	NSGAII surrogate iSOUPTR 10%	NSGAII surrogate iSOUPTR 20%	NSGAII surrogate iSOUPTR 30%	NSGAII surrogate LSTM 10%	NSGAII surrogate LSTM 20%	NSGAII surrogate LSTM 30%	NSGAII surrogate MOLMLP 10%	NSGAII surrogate MOLMLP 20%	NSGAII surrogate MOLMLP 30%	NSGAII surrogate RC 10%	NSGAII surrogate RC 20%	NSGAII surrogate RC 30%
DTLZ2	0.07554363499460136	0.5067319716522938	0.6312564374903659	0.7110443945500882	0.40859772328830846	0.34702394162696953	0.6774498990023277	0.43161270651798306	0.6296346456193587	0.33629660902485137	0.6477830913935053	0.3117541663638984	0.5323937792505365
