Problem	NSGAII	NSGAII surrogate iSOUPTR 10%	NSGAII surrogate iSOUPTR 20%	NSGAII surrogate iSOUPTR 30%	NSGAII surrogate LSTM 10%	NSGAII surrogate LSTM 20%	NSGAII surrogate LSTM 30%	NSGAII surrogate MOLMLP 10%	NSGAII surrogate MOLMLP 20%	NSGAII surrogate MOLMLP 30%	NSGAII surrogate RC 10%	NSGAII surrogate RC 20%	NSGAII surrogate RC 30%
DTLZ2	0.012612102747051606	0.07255310430832684	0.043921352005031604	0.13808863848272265	0.08033261936307953	0.05849647743056483	0.06875993594126828	0.17017201609815066	0.04314639613537572	0.060077937027979374	0.12694759135860711	0.08913716872936189	0.08266400447541455
