Problem	NSGAII	NSGAII surrogate iSOUPTR 10%	NSGAII surrogate iSOUPTR 20%	NSGAII surrogate iSOUPTR 30%	NSGAII surrogate LSTM 10%	NSGAII surrogate LSTM 20%	NSGAII surrogate LSTM 30%	NSGAII surrogate MOLMLP 10%	NSGAII surrogate MOLMLP 20%	NSGAII surrogate MOLMLP 30%	NSGAII surrogate RC 10%	NSGAII surrogate RC 20%	NSGAII surrogate RC 30%
ZDT2	0.1416648030281049	1.1308745145797765	0.7906696200370789	0.22467464208602905	0.660356462001797	0.4677242636680603	0.17237240076065063	0.31871533393859863	0.19136816263198853	0.10342669486999334	0.1584702730178833	0.2144330739975011	0.13217318058013916
