Problem	NSGAII	NSGAII surrogate iSOUPTR 10%	NSGAII surrogate iSOUPTR 20%	NSGAII surrogate iSOUPTR 30%	NSGAII surrogate LSTM 10%	NSGAII surrogate LSTM 20%	NSGAII surrogate LSTM 30%	NSGAII surrogate MOLMLP 10%	NSGAII surrogate MOLMLP 20%	NSGAII surrogate MOLMLP 30%	NSGAII surrogate RC 10%	NSGAII surrogate RC 20%	NSGAII surrogate RC 30%
ZDT2	0.02996156697335925	0.32524842062145515	0.3074428980021273	0.13544188052284323	0.40025213607470367	0.036836232824326354	0.02215171286042311	0.7255952201326372	0.041324592850824515	0.038436681608527534	0.15152562485589027	0.07094182849717129	0.03737415563755808
