Problem	NSGAII	NSGAII surrogate iSOUPTR 10%	NSGAII surrogate iSOUPTR 20%	NSGAII surrogate iSOUPTR 30%	NSGAII surrogate LSTM 10%	NSGAII surrogate LSTM 20%	NSGAII surrogate LSTM 30%	NSGAII surrogate MOLMLP 10%	NSGAII surrogate MOLMLP 20%	NSGAII surrogate MOLMLP 30%	NSGAII surrogate RC 10%	NSGAII surrogate RC 20%	NSGAII surrogate RC 30%
ZDT2	0.007915076401320387	2.6137990874268113	0.3666741469071819	0.3237743907060913	0.11137555693411555	0.04529039655156675	0.0589211674973954	0.7333616660777523	0.07811835117879684	0.05519314071088316	0.12291329107633164	0.032895531524896326	0.03679932860054125
