Problem	NSGAII	NSGAII surrogate iSOUPTR 10%	NSGAII surrogate iSOUPTR 20%	NSGAII surrogate iSOUPTR 30%	NSGAII surrogate LSTM 10%	NSGAII surrogate LSTM 20%	NSGAII surrogate LSTM 30%	NSGAII surrogate MOLMLP 10%	NSGAII surrogate MOLMLP 20%	NSGAII surrogate MOLMLP 30%	NSGAII surrogate RC 10%	NSGAII surrogate RC 20%	NSGAII surrogate RC 30%
ZDT2	13.128956389427184	20.2470901966095	21.699107623100282	22.550560450553895	23.603662586212156	20.409384632110594	20.71796646118164	14.097826147079468	13.730766248703002	13.65675754547119	13.475378918647767	13.038187956809997	13.041097569465638
