Problem	NSGAII	NSGAII surrogate iSOUPTR 10%	NSGAII surrogate iSOUPTR 20%	NSGAII surrogate iSOUPTR 30%	NSGAII surrogate LSTM 10%	NSGAII surrogate LSTM 20%	NSGAII surrogate LSTM 30%	NSGAII surrogate MOLMLP 10%	NSGAII surrogate MOLMLP 20%	NSGAII surrogate MOLMLP 30%	NSGAII surrogate RC 10%	NSGAII surrogate RC 20%	NSGAII surrogate RC 30%
ZDT2	0.34176486753875096	2.1615393674275865	0.7187558095542675	0.6766656456747254	0.2521032755452809	0.34001478968131094	0.360195583126543	0.6471304600191198	0.4838070932963835	0.5037296587481062	1.1228961602762697	0.3752882041556755	0.4263255792882167
