Problem	NSGAII	NSGAII surrogate iSOUPTR 10%	NSGAII surrogate iSOUPTR 20%	NSGAII surrogate iSOUPTR 30%	NSGAII surrogate LSTM 10%	NSGAII surrogate LSTM 20%	NSGAII surrogate LSTM 30%	NSGAII surrogate MOLMLP 10%	NSGAII surrogate MOLMLP 20%	NSGAII surrogate MOLMLP 30%	NSGAII surrogate RC 10%	NSGAII surrogate RC 20%	NSGAII surrogate RC 30%
ZDT2	0.26008857021952037	-0.03732281777785389	0.11509849361623328	0.08271537515320024	0.5492932535614055	0.31566872175965127	0.30122287107796963	0.5483506573202594	0.3100359491807914	0.3114563061331509	0.3424583097165703	0.4067410368205519	0.30655204918093676
