Problem	NSGAII	NSGAII surrogate iSOUPTR 10%	NSGAII surrogate iSOUPTR 20%	NSGAII surrogate iSOUPTR 30%	NSGAII surrogate LSTM 10%	NSGAII surrogate LSTM 20%	NSGAII surrogate LSTM 30%	NSGAII surrogate MOLMLP 10%	NSGAII surrogate MOLMLP 20%	NSGAII surrogate MOLMLP 30%	NSGAII surrogate RC 10%	NSGAII surrogate RC 20%	NSGAII surrogate RC 30%
ZDT2	0.2612429632122951	-0.10010831394930175	0.012685546959297966	0.04110447752660157	0.3387648242439406	0.3191909212882488	0.31341909058021555	0.31578092258377793	0.3154263066296593	0.3163010458496688	0.3341172584858241	0.3470914551420283	0.29911237098854937
