Problem	NSGAII	NSGAII surrogate iSOUPTR 10%	NSGAII surrogate iSOUPTR 20%	NSGAII surrogate iSOUPTR 30%	NSGAII surrogate LSTM 10%	NSGAII surrogate LSTM 20%	NSGAII surrogate LSTM 30%	NSGAII surrogate MOLMLP 10%	NSGAII surrogate MOLMLP 20%	NSGAII surrogate MOLMLP 30%	NSGAII surrogate RC 10%	NSGAII surrogate RC 20%	NSGAII surrogate RC 30%
ZDT2	0.3417893039865999	1.6687103381879678	0.7756132597616361	0.6905247911028239	0.32398382463225356	0.3341005236889826	0.3297032578637845	0.8241171395536007	0.4695786137655322	0.47092950350552865	0.48812480592482255	0.41111493325403947	0.4358025428789911
