Problem	NSGAII	NSGAII surrogate iSOUPTR 10%	NSGAII surrogate iSOUPTR 20%	NSGAII surrogate iSOUPTR 30%	NSGAII surrogate LSTM 10%	NSGAII surrogate LSTM 20%	NSGAII surrogate LSTM 30%	NSGAII surrogate MOLMLP 10%	NSGAII surrogate MOLMLP 20%	NSGAII surrogate MOLMLP 30%	NSGAII surrogate RC 10%	NSGAII surrogate RC 20%	NSGAII surrogate RC 30%
ZDT2	12.965834975242615	19.860844135284424	21.891767621040344	22.585455894470215	23.52189481258392	20.372549772262573	20.653919100761414	13.985026597976685	13.67586076259613	13.59521472454071	13.496501684188843	12.98199188709259	13.020339369773865
