Problem	NSGAII	NSGAII surrogate iSOUPTR 10%	NSGAII surrogate iSOUPTR 20%	NSGAII surrogate iSOUPTR 30%	NSGAII surrogate LSTM 10%	NSGAII surrogate LSTM 20%	NSGAII surrogate LSTM 30%	NSGAII surrogate MOLMLP 10%	NSGAII surrogate MOLMLP 20%	NSGAII surrogate MOLMLP 30%	NSGAII surrogate RC 10%	NSGAII surrogate RC 20%	NSGAII surrogate RC 30%
ZDT2	0.007069458207960807	1.6251567761819767	0.29207684642570775	0.24613867987249655	0.13932869296673375	0.029377955816717802	0.06816683696196772	0.4652049107540282	0.047362694538791196	0.10645171845568402	2.0298548859441246	0.1341864102680446	0.026465518455942024
