Problem	NSGAII	NSGAII surrogate iSOUPTR 10%	NSGAII surrogate iSOUPTR 20%	NSGAII surrogate iSOUPTR 30%	NSGAII surrogate LSTM 10%	NSGAII surrogate LSTM 20%	NSGAII surrogate LSTM 30%	NSGAII surrogate MOLMLP 10%	NSGAII surrogate MOLMLP 20%	NSGAII surrogate MOLMLP 30%	NSGAII surrogate RC 10%	NSGAII surrogate RC 20%	NSGAII surrogate RC 30%
ZDT2	0.4682614203928254	0.7517022551992736	0.6707839943838356	0.649735718518543	0.4639315574570636	0.46162838978546217	0.19898094631990576	0.30829854384186656	0.3906600220750505	0.33557519598336893	0.23659573136569947	0.2733763911391028	0.3421362452584434
