Problem	NSGAII	NSGAII surrogate iSOUPTR 10%	NSGAII surrogate iSOUPTR 20%	NSGAII surrogate iSOUPTR 30%	NSGAII surrogate LSTM 10%	NSGAII surrogate LSTM 20%	NSGAII surrogate LSTM 30%	NSGAII surrogate MOLMLP 10%	NSGAII surrogate MOLMLP 20%	NSGAII surrogate MOLMLP 30%	NSGAII surrogate RC 10%	NSGAII surrogate RC 20%	NSGAII surrogate RC 30%
ZDT2	0.023680233224148375	0.30241265289765323	0.18445086770192065	0.08861732002352088	0.359320626067698	0.04764309549574431	0.04797211039969339	0.44658948201250775	0.039667604348315476	0.03321698755334508	0.2620134504146338	0.2603885228629671	0.035543561079073444
