Problem	NSGAII	NSGAII surrogate iSOUPTR 10%	NSGAII surrogate iSOUPTR 20%	NSGAII surrogate iSOUPTR 30%	NSGAII surrogate LSTM 10%	NSGAII surrogate LSTM 20%	NSGAII surrogate LSTM 30%	NSGAII surrogate MOLMLP 10%	NSGAII surrogate MOLMLP 20%	NSGAII surrogate MOLMLP 30%	NSGAII surrogate RC 10%	NSGAII surrogate RC 20%	NSGAII surrogate RC 30%
ZDT1	0.1490648388862592	1.1593938469886815	0.23672205209732056	0.9618155956268275	0.26881897449493053	0.4203636050224304	0.6427016258239782	0.2325515151023847	0.2588541507720947	0.1963263750076294	0.41042566299438477	0.13850468397140503	0.22425532341003418
