Problem	NSGAII	NSGAII surrogate iSOUPTR 10%	NSGAII surrogate iSOUPTR 20%	NSGAII surrogate iSOUPTR 30%	NSGAII surrogate LSTM 10%	NSGAII surrogate LSTM 20%	NSGAII surrogate LSTM 30%	NSGAII surrogate MOLMLP 10%	NSGAII surrogate MOLMLP 20%	NSGAII surrogate MOLMLP 30%	NSGAII surrogate RC 10%	NSGAII surrogate RC 20%	NSGAII surrogate RC 30%
ZDT1	0.004728951735491038	1.5318043345567505	0.6703214523017471	0.09704242688829223	0.10892002186702943	0.03624594264168324	0.04007532079130782	0.4201594417731851	0.10354679340514084	0.01802873608982103	0.1579249360757915	0.013423320955265217	0.01790824402093738
