Problem	NSGAII	NSGAII surrogate iSOUPTR 10%	NSGAII surrogate iSOUPTR 20%	NSGAII surrogate iSOUPTR 30%	NSGAII surrogate LSTM 10%	NSGAII surrogate LSTM 20%	NSGAII surrogate LSTM 30%	NSGAII surrogate MOLMLP 10%	NSGAII surrogate MOLMLP 20%	NSGAII surrogate MOLMLP 30%	NSGAII surrogate RC 10%	NSGAII surrogate RC 20%	NSGAII surrogate RC 30%
ZDT1	0.0068878349982542525	0.4453778623695941	0.1806368206420782	0.01544845631435765	0.06721181071756685	0.02008669916542094	0.00889159658917256	0.09044965369794886	0.03885949552510223	0.013093176881725704	0.038700043790969044	0.015118107567651057	0.004521410406874496
