Problem	NSGAII	NSGAII surrogate iSOUPTR 10%	NSGAII surrogate iSOUPTR 20%	NSGAII surrogate iSOUPTR 30%	NSGAII surrogate LSTM 10%	NSGAII surrogate LSTM 20%	NSGAII surrogate LSTM 30%	NSGAII surrogate MOLMLP 10%	NSGAII surrogate MOLMLP 20%	NSGAII surrogate MOLMLP 30%	NSGAII surrogate RC 10%	NSGAII surrogate RC 20%	NSGAII surrogate RC 30%
ZDT1	0.7673168787486498	3.6269421448439987	1.3874828992899255	0.8379755659482913	0.9008823049383128	0.7995158522121895	0.7914548378197864	1.4575441728892395	0.9536136310413912	0.8592391108610393	1.0727985820060915	0.921053088795281	0.9095680667417125
