Problem	NSGAII	NSGAII surrogate iSOUPTR 10%	NSGAII surrogate iSOUPTR 20%	NSGAII surrogate iSOUPTR 30%	NSGAII surrogate LSTM 10%	NSGAII surrogate LSTM 20%	NSGAII surrogate LSTM 30%	NSGAII surrogate MOLMLP 10%	NSGAII surrogate MOLMLP 20%	NSGAII surrogate MOLMLP 30%	NSGAII surrogate RC 10%	NSGAII surrogate RC 20%	NSGAII surrogate RC 30%
ZDT1	12.7284086227417	21.335374450683595	21.548704934120178	23.387189817428588	23.517329716682433	20.28522393703461	20.567555046081544	13.794436883926391	13.575195479393006	13.559584021568298	13.221173787117005	12.776289248466492	12.67985932826996
