Problem	NSGAII	NSGAII surrogate iSOUPTR 10%	NSGAII surrogate iSOUPTR 20%	NSGAII surrogate iSOUPTR 30%	NSGAII surrogate LSTM 10%	NSGAII surrogate LSTM 20%	NSGAII surrogate LSTM 30%	NSGAII surrogate MOLMLP 10%	NSGAII surrogate MOLMLP 20%	NSGAII surrogate MOLMLP 30%	NSGAII surrogate RC 10%	NSGAII surrogate RC 20%	NSGAII surrogate RC 30%
ZDT1	0.07844633901007093	-0.24345624040950092	-0.0815645770890768	0.06692441029588339	0.055941588947216236	0.07404274566979699	0.07449269859472976	-0.017597679088059905	0.06130497090168646	0.059311416841240486	0.04105216508397325	0.07107831135809245	0.07666695599181242
