Problem	NSGAII	NSGAII surrogate iSOUPTR 10%	NSGAII surrogate iSOUPTR 20%	NSGAII surrogate iSOUPTR 30%	NSGAII surrogate LSTM 10%	NSGAII surrogate LSTM 20%	NSGAII surrogate LSTM 30%	NSGAII surrogate MOLMLP 10%	NSGAII surrogate MOLMLP 20%	NSGAII surrogate MOLMLP 30%	NSGAII surrogate RC 10%	NSGAII surrogate RC 20%	NSGAII surrogate RC 30%
ZDT1	12.788827419281006	21.363057732582092	21.60546576976776	23.577102661132812	23.27761685848236	20.143299460411072	20.396941423416138	13.821253538131714	13.48525059223175	13.494821310043335	13.235068917274475	12.789827346801758	12.657409310340881
