Problem	NSGAII	NSGAII surrogate iSOUPTR 10%	NSGAII surrogate iSOUPTR 20%	NSGAII surrogate iSOUPTR 30%	NSGAII surrogate LSTM 10%	NSGAII surrogate LSTM 20%	NSGAII surrogate LSTM 30%	NSGAII surrogate MOLMLP 10%	NSGAII surrogate MOLMLP 20%	NSGAII surrogate MOLMLP 30%	NSGAII surrogate RC 10%	NSGAII surrogate RC 20%	NSGAII surrogate RC 30%
ZDT1	0.7683143357254826	1.8125543624977594	1.2706921847872095	0.7528327021122142	0.867625201477672	0.7912580990831293	0.7822816722064481	1.4709600113073296	0.9264684359381257	0.8532126380819376	1.0661612326307346	0.9274133180692095	0.9072620082339993
