Problem	NSGAII	NSGAII surrogate iSOUPTR 10%	NSGAII surrogate iSOUPTR 20%	NSGAII surrogate iSOUPTR 30%	NSGAII surrogate LSTM 10%	NSGAII surrogate LSTM 20%	NSGAII surrogate LSTM 30%	NSGAII surrogate MOLMLP 10%	NSGAII surrogate MOLMLP 20%	NSGAII surrogate MOLMLP 30%	NSGAII surrogate RC 10%	NSGAII surrogate RC 20%	NSGAII surrogate RC 30%
ZDT1	0.07887641975335699	0.0011654004320565264	-0.05748879099088777	0.08237720824652572	0.08329393370255911	0.07452699589620376	0.07476991494751589	-0.022269050306488736	0.06601186063871828	0.05745046664453872	0.044554436139879805	0.07548472850849439	0.0769742419567239
