Problem	NSGAII	NSGAII surrogate iSOUPTR 10%	NSGAII surrogate iSOUPTR 20%	NSGAII surrogate iSOUPTR 30%	NSGAII surrogate LSTM 10%	NSGAII surrogate LSTM 20%	NSGAII surrogate LSTM 30%	NSGAII surrogate MOLMLP 10%	NSGAII surrogate MOLMLP 20%	NSGAII surrogate MOLMLP 30%	NSGAII surrogate RC 10%	NSGAII surrogate RC 20%	NSGAII surrogate RC 30%
ZDT1	0.005527868920250097	0.6152984485040335	0.14038846539218586	0.05777631421704702	0.06135376483398215	0.012377975467252248	0.01202122026177332	0.06264716740608635	0.025220072126679826	0.008871538880798937	0.02364077821004968	0.009321793654768453	0.004394518464917828
