Problem	NSGAII	NSGAII surrogate iSOUPTR 10%	NSGAII surrogate iSOUPTR 20%	NSGAII surrogate iSOUPTR 30%	NSGAII surrogate LSTM 10%	NSGAII surrogate LSTM 20%	NSGAII surrogate LSTM 30%	NSGAII surrogate MOLMLP 10%	NSGAII surrogate MOLMLP 20%	NSGAII surrogate MOLMLP 30%	NSGAII surrogate RC 10%	NSGAII surrogate RC 20%	NSGAII surrogate RC 30%
ZDT1	0.004148880242474472	4.9971204980516735	0.47857267980279644	0.17917758655224447	0.15584056620806788	0.03129350089758386	0.030986071237592703	0.35823337050823917	0.10244565451178793	0.03797207818141363	0.08956567899837967	0.018610664100018482	0.010890762952977636
