Problem	NSGAII	NSGAII surrogate iSOUPTR 10%	NSGAII surrogate iSOUPTR 20%	NSGAII surrogate iSOUPTR 30%	NSGAII surrogate LSTM 10%	NSGAII surrogate LSTM 20%	NSGAII surrogate LSTM 30%	NSGAII surrogate MOLMLP 10%	NSGAII surrogate MOLMLP 20%	NSGAII surrogate MOLMLP 30%	NSGAII surrogate RC 10%	NSGAII surrogate RC 20%	NSGAII surrogate RC 30%
ZDT1	0.17556351743348614	0.6928539875649178	0.46539880314839577	0.7489993728399758	0.7185840071503953	0.4036533295538202	0.5067936092540818	0.18839895574631305	0.3021665017736251	0.32589249073032944	0.2896967062766456	0.22220906127788437	0.17486669081671719
